1,Audi Bannell,Mumbai,25884.16
2,Clarabelle Speechley,Mumbai,41833.03
3,Constantia Siret,Chennai,40839.96
4,Ave Cressingham,Chennai,38348.62
5,Cheri Pellissier,Hyderabad,45898.15
6,Allyn Lancley,Pune,18636.67
7,Spencer Aindriu,Mysore,41739.04
8,Herrick Crawley,Hyderabad,34521.31
9,Hortense Pitbladdo,Hyderabad,22525.75
10,Burton Elderidge,Chennai,29886.22
11,Drucill Bennington,Mumbai,32307
12,Rooney Delacoste,Chennai,28226.14
13,Jerome MacLucais,Bangalore,19848.01
14,Thorstein Abendroth,Hyderabad,40289.87
15,Bradan Likly,Bangalore,40432.56
16,Matilde Iori,Mysore,10102.73
17,Beatrice Beine,Chennai,10587.92
18,Brunhilda Vannuccini,Mumbai,14050.37
19,Kellby Gillbey,Mumbai,33275.79
20,Ethelyn Ogglebie,Bangalore,25726.96
21,Binny Dickenson,Mysore,49676.5
22,Chrystel De Bischof,Mumbai,34817.56
23,Charlene Colloff,Mumbai,48691.21
24,Riannon Maskew,Pune,15028.3
25,Osmund Merryfield,Bangalore,38590.03
26,Conrado Pattlel,Hyderabad,30533.58
27,Merwin Yakebovitch,Chennai,14061.63
28,Scot Beldum,Pune,14495.31
29,Sue McTerry,Mysore,47759.87
30,Raye Trussell,Bangalore,10853.19
31,Weylin Heister,Mumbai,26262.76
32,Riva Scane,Chennai,37162.56
33,Etty Jeenes,Hyderabad,18137.23
34,Melantha Setterington,Chennai,14694.83
35,Raeann Dullard,Bangalore,34566.32
36,Barbi Haversum,Bangalore,13711.2
37,Glen Fabbri,Hyderabad,29955.53
38,Lorenza Bransby,Pune,27608.65
39,Licha Cavey,Bangalore,39437.67
40,Nancy Dunnion,Hyderabad,36338.15
41,Eugenia Keher,Mysore,45411.64
42,Janeen Whitman,Pune,28882.15
43,Gleda Dunmore,Mumbai,16777.22
44,Gabbey Guthrie,Hyderabad,14120.79
45,Chiquia Fend,Mumbai,44751.83
46,Janella Schottli,Hyderabad,26510.73
47,Doti Gamett,Hyderabad,35782.59
48,Eberto Humphries,Chennai,38197.1
49,Thelma Beardow,Bangalore,44729.75
50,Gray Wathey,Hyderabad,44973.04
51,Barnie Slimings,Hyderabad,45988.55
52,Ulla Cud,Mysore,10499.48
53,Trumaine Ettels,Hyderabad,18389.03
54,Ruprecht Bridgeman,Bangalore,12659.35
55,Ardenia Mungin,Chennai,17196.23
56,Hashim Tinan,Mumbai,39084.49
57,Radcliffe Hawford,Pune,25909.29
58,Madelaine Gladdifh,Mumbai,49197.95
59,Marthena Chinnery,Pune,39476.93
60,Emmy Cluitt,Mumbai,34915.97
61,Mic Yankin,Bangalore,36535.03
62,Debera Nerheny,Mysore,26519.9
63,Luciano Yegoshin,Pune,19773.4
64,Coretta Roark,Chennai,22212.51
65,Ruy Ellerbeck,Mumbai,36038.54
66,Bathsheba Rottger,Hyderabad,28564.25
67,Alexi Wyman,Bangalore,28564.99
68,Cecilla Matussevich,Pune,48960.43
69,Hershel Oswick,Bangalore,33384.29
70,Jerad Seemmonds,Mumbai,29093.6
71,Kacy Feighry,Mysore,18140.06
72,Garey Yemm,Hyderabad,22535.45
73,Larisa Frame,Mysore,14232.64
74,Rora Treverton,Mysore,29315.42
75,Rodrick Cottham,Mysore,15654.79
76,Devonna MacCostigan,Mumbai,21092.26
77,Claretta Riccardo,Mysore,16823.91
78,Temp Tousey,Pune,24363.36
79,Corbet Gercken,Hyderabad,43011.33
80,Mahala Methley,Mumbai,15089.17
81,Kirsteni Skett,Chennai,30106.03
82,Cinderella Dugan,Mumbai,44642.15
83,Brita Betchley,Mysore,16599.72
84,Bernie Lockier,Bangalore,33974.44
85,Tilda Wedon,Chennai,22948.81
86,Egan Road,Hyderabad,21704.11
87,Chaddy Stork,Pune,19591.26
88,Laurena Rackstraw,Bangalore,20658.44
89,Hans Kenewell,Mysore,28053.11
90,Brittne Mathieson,Chennai,49923.66
91,Maurizio Mallindine,Chennai,45546.62
92,Joela Colby,Pune,34878.51
93,Ari Luberti,Hyderabad,13606.19
94,Miner Hagston,Mysore,39425.91
95,Heall Moscon,Mysore,17142.36
96,Melamie Ghost,Mysore,36198.17
97,Domini Church,Pune,17922.91
98,Daisy Busfield,Mysore,43229.74
99,Melisent Bastick,Mysore,39052.45
100,Valerie Jochens,Mysore,32136.58
101,Shepard Yakobowitch,Hyderabad,20852.17
102,Lem Jira,Mysore,11428.31
103,Terza Wainman,Mumbai,35794.58
104,Anna-maria Hayen,Mumbai,33780.44
105,Matelda Reynolds,Pune,40353.9
106,Hoyt Lamborne,Pune,33001.22
107,Delainey Lissenden,Mysore,34268.24
108,Kalina Roxburch,Bangalore,23225.87
109,Humbert Sherrum,Bangalore,36557.98
110,Jehu Mc Meekin,Chennai,42086.56
111,Levin Fulcher,Hyderabad,41905.85
112,Gradeigh Katzmann,Pune,39179.33
113,Dorey Rablen,Bangalore,17135.82
114,Bobbie Manktelow,Chennai,39141.53
115,Ollie Marians,Hyderabad,47446.55
116,Pauly Geraldini,Pune,30051.06
117,Kalil Lomasna,Pune,17290.21
118,Malvina Gillio,Mysore,13666.11
119,Gordon Peat,Mumbai,29827.86
120,Thacher Schimaschke,Chennai,42716.1
121,Ursa Nehl,Bangalore,24666.27
122,Penn Servante,Pune,33660.26
123,Merrill Josskowitz,Mumbai,47149.26
124,Dorothy Jiggens,Mysore,15332.55
125,Claus Bellas,Bangalore,12281.34
126,Bryant Veale,Pune,14133.26
127,Eduardo Jump,Bangalore,18675.21
128,Eben Duchasteau,Chennai,34023
129,Gladys Shewery,Mumbai,16991.51
130,Ransom Kincaid,Mysore,34887.26
131,Vito Babalola,Bangalore,43623.97
132,Erica Reinmar,Mysore,17485.73
133,Cad Mixer,Chennai,28745.99
134,Jessie Skellern,Chennai,43597.97
135,Rip Russilll,Chennai,20089.73
136,Lovell Hartropp,Hyderabad,22695.87
137,Jaime Jeandillou,Hyderabad,37851.11
138,Vick Scotchforth,Bangalore,18393.43
139,Hermine Cruikshanks,Bangalore,16009.26
140,Dido Looby,Hyderabad,27625.68
141,Lark Mussetti,Bangalore,28603.18
142,Marmaduke Kitchener,Mysore,41214.33
143,Staford Beldom,Bangalore,37457.28
144,Rivalee Feldbrin,Chennai,39962.15
145,Fayina Zarb,Pune,38235.12
146,Carissa Barthrup,Mumbai,45219.38
147,Holly Joannidi,Chennai,30822.15
148,Cecily Lamcken,Hyderabad,35569.27
149,Devin Fairlamb,Chennai,34494.58
150,Lusa Bolliver,Bangalore,40601.48
151,Gustavo January 1st,Hyderabad,48849.15
152,Flossie Janout,Chennai,32235.58
153,Jaime Sine,Hyderabad,37166.84
154,Annalee Wimbush,Mysore,10879.12
155,Meade Beneze,Mysore,13143.41
156,Dulcie Calderhead,Mumbai,40937.23
157,Freddy Kairns,Mumbai,19307.36
158,Bobette Tenman,Bangalore,19033.49
159,Dallis Duckworth,Chennai,37414.55
160,Garry Hilland,Chennai,25632.26
161,Bathsheba Woolcocks,Bangalore,22525.39
162,Pip Runnicles,Hyderabad,27101.15
163,Jami Orrom,Hyderabad,34155.96
164,Nona Plane,Mumbai,38262.7
165,Adelle Heffer,Mumbai,14776.26
166,Addy Santarelli,Pune,39636.37
167,Lucita Cockran,Hyderabad,33459.54
168,Krispin Goodsir,Mumbai,41430.9
169,Venita McAndie,Bangalore,30380.49
170,Margette Hovell,Mysore,45910.02
171,Neddy Beechcraft,Mumbai,10624.86
172,Janessa Bricknall,Chennai,26318.99
173,Sargent Billows,Chennai,35527.22
174,Mara Dodle,Chennai,24393.58
175,Angy Vurley,Bangalore,49845.76
176,Vita Trivett,Bangalore,29503
177,Damita Purry,Hyderabad,46945.63
178,Brock Alwen,Pune,43513.91
179,Had Cashmore,Chennai,39016.64
180,Mara Rawsthorne,Mumbai,15355.1
181,Kyle Westcot,Bangalore,37152.41
182,Charline Cuschieri,Chennai,33057.73
183,Carmina Dinis,Bangalore,43346.48
184,Vanni Bartoleyn,Mumbai,32656.79
185,Zitella Mordin,Mysore,15256.22
186,Eduardo Keogh,Mysore,17394.3
187,Augusto Rentz,Hyderabad,30371.51
188,Dollie Craddy,Mysore,14880.91
189,Happy Connop,Mysore,13292.12
190,Whit Labrone,Bangalore,49335.32
191,Emmy Bissatt,Pune,19878.15
192,Milly Sands-Allan,Mysore,22744.67
193,Cordelia Chastanet,Pune,17149.25
194,Aida Scholling,Pune,35240.71
195,Marwin Tindle,Pune,36483.5
196,Aggi Labro,Mysore,10477.81
197,Spenser Anselm,Hyderabad,19798.93
198,Abdel Rollin,Hyderabad,45954.91
199,Cobb Caistor,Mumbai,27896.43
200,Niki Haskell,Chennai,13877.51
201,Katinka Scinelli,Mysore,36660.58
202,Balduin Purshouse,Pune,22341.09
203,Alissa Youster,Chennai,10965.77
204,Iver Lugden,Pune,20294.55
205,Roch Widdows,Mumbai,15752.25
206,Valentia Haddow,Hyderabad,15165.04
207,Wallie Boij,Mumbai,27350.19
208,Fielding Kehri,Chennai,44634.92
209,Thomasine Mamwell,Mysore,35921.59
210,Hammad Grayham,Hyderabad,43214.14
211,Zed Cram,Pune,42684.09
212,Cheston Eldrett,Mysore,14656.13
213,Durward Camois,Bangalore,19833.09
214,Mavra Houlridge,Bangalore,47482.59
215,Frazer Caldicott,Bangalore,19086.43
216,Chelsey Whyke,Hyderabad,39796.11
217,Taite Yeatman,Mumbai,25791.49
218,Dyan Ratnege,Mysore,28643.13
219,Laverna Coopey,Mysore,31269.6
220,Alden Perford,Pune,35136.12
221,Albertine Ainslee,Chennai,46914.28
222,Cyndy Regelous,Mysore,21139.3
223,Tabina Milington,Pune,44061.47
224,Chicky Leguay,Bangalore,36440.17
225,Ryon Kembrey,Bangalore,49786.39
226,Chet Quilter,Mysore,36395.57
227,Dyana Burcombe,Pune,24522.13
228,Marya Harce,Hyderabad,38472.33
229,Evyn Longstaff,Hyderabad,33650.29
230,Alexina McPhillips,Chennai,25781.89
231,Jemmie Darben,Hyderabad,22447.85
232,Salim Broe,Mumbai,26897.72
233,Micky Radband,Mumbai,30141.39
234,Burtie Beccera,Mysore,32301.57
235,Jill Lawlor,Bangalore,41706.03
236,Carrol Borsnall,Mumbai,30704.01
237,Edik Castri,Mumbai,22965.09
238,Astra Gilsthorpe,Chennai,37644.4
239,Richmond Hulks,Pune,36423.71
240,Ellary Staining,Bangalore,33180.24
241,Raff Gooding,Hyderabad,38807.52
242,Gearalt Fleming,Bangalore,38263.87
243,Gaye Swalwell,Mysore,32298.02
244,Daniel Largent,Mumbai,45485.11
245,Trista Bennough,Hyderabad,25963.76
246,Sisile Hamshaw,Bangalore,13514.64
247,Waverly Jansik,Chennai,23186.22
248,Augie Dreschler,Hyderabad,22771.45
249,Loraine Bacchus,Bangalore,38262.31
250,Meagan Lewsy,Bangalore,46707.05
251,Fee Siggins,Chennai,22768.45
252,Erroll Scurman,Pune,43916.23
253,Francklin Kanter,Chennai,14300.34
254,Nathalie Lineker,Mysore,30337.54
255,Aristotle Woltering,Pune,11140.36
256,Norbert Edmonson,Bangalore,30271.89
257,Lammond MacGettigen,Chennai,43791.48
258,Gabriele Bleacher,Hyderabad,19026.39
259,Pernell Gallanders,Chennai,46764.22
260,Irv Waters,Chennai,49672.06
261,Beniamino Colthard,Mumbai,23816.09
262,Maryjane Rudledge,Chennai,40310.85
263,Cacilia Snoddon,Mumbai,44833.06
264,Leigh Sponder,Pune,19100.36
265,Tod Kyme,Mumbai,21570.98
266,Rowena Dakin,Mysore,49664.82
267,Evin Sterrick,Mumbai,29309.14
268,Rubina Matysik,Hyderabad,21459.13
269,Calypso Finney,Hyderabad,30699
270,Brinna De Bruyne,Bangalore,10336.83
271,Madelin Lammiman,Mumbai,19644.35
272,Asa Tomkinson,Mysore,36165.04
273,Stacie Jeaves,Pune,29010.03
274,Mischa Wreakes,Mumbai,33651
275,Gweneth Oganian,Bangalore,24552.07
276,Corby Warbeys,Bangalore,19181.92
277,Micky Lanchbery,Chennai,41394.58
278,Darci Oaker,Hyderabad,37030.35
279,Nollie Nisot,Pune,21030.14
280,Davie Goodbarne,Pune,31798.05
281,Mireielle Oppy,Chennai,39712.75
282,Hillie Pomeroy,Mumbai,39986.47
283,Lyndel Redfield,Mysore,42759.69
284,Jobi Rentenbeck,Mysore,33576.16
285,Ives Nisuis,Mysore,11977.36
286,Colene Hember,Mumbai,40388.78
287,Ozzie Beenham,Pune,40833.38
288,Pierce Basketfield,Chennai,11943.81
289,Gayler De Clairmont,Hyderabad,37325.39
290,Ario Vinton,Pune,18292.69
291,Larisa Bandiera,Hyderabad,36247.8
292,Benn Prendiville,Mumbai,44656.25
293,Riannon Litterick,Mumbai,28882.2
294,Annice Mewes,Bangalore,45797.31
295,Dianne Kierans,Hyderabad,29427.73
296,Kin Talmadge,Mumbai,33600.65
297,Dot Hartshorne,Mysore,15851.73
298,Marjie Skett,Pune,21452.98
299,Verena Beagen,Bangalore,33340.22
300,Ardenia Vasishchev,Mysore,30560.12
301,Celestia Buckerfield,Chennai,22696.87
302,Denver Kunzler,Pune,47054.84
303,Bevon Brownell,Mumbai,35821.95
304,Pet Symmons,Mumbai,15002.55
305,Nani Springford,Bangalore,19647.48
306,Aubry Gatrell,Chennai,39606.31
307,Madison Taks,Pune,29493.61
308,Marion Callaway,Mysore,49150.34
309,Pearl Minet,Mysore,30491.76
310,Louella Kliement,Mumbai,19314.21
311,Lynett Risen,Chennai,14112.2
312,Giorgia Beebis,Bangalore,13197.84
313,Rolf Rozycki,Chennai,47737.49
314,Ethe Laytham,Mysore,41845.27
315,Joeann Gradwell,Chennai,45293.95
316,Reinaldos Fredi,Chennai,10102.29
317,Rahel O'Corren,Mysore,22695.26
318,Latisha Audry,Hyderabad,28707.32
319,Meaghan Gerok,Chennai,15210.41
320,Cathrin Brizland,Mumbai,13851.05
321,Gilles Mion,Mysore,45142.01
322,Christi Rookesby,Chennai,34172.7
323,Staci Lalley,Mysore,13217.97
324,Asia Ugoletti,Pune,15269.52
325,Stafani Clayhill,Pune,12841.16
326,Alethea Pond-Jones,Hyderabad,27144.41
327,Mallory McCrainor,Chennai,40523.23
328,Cindee Piatti,Mysore,10810.7
329,Ardelle Beacock,Bangalore,25128.64
330,Isidore Ivashnyov,Pune,15814.62
331,Blanch Titchmarsh,Hyderabad,33088.53
332,Walliw Paolotto,Bangalore,21696.76
333,Freddi Stimson,Pune,33485.14
334,Roana McAuslan,Bangalore,28310.29
335,Charlotta Odgaard,Mysore,20947.98
336,Silas Vicioso,Pune,34621.57
337,Mildred Tenney,Pune,31448.28
338,Raeann Johnikin,Mysore,21796.99
339,Donnie Aronsohn,Hyderabad,38979.97
340,Dalia Boone,Mysore,37502.88
341,Howie Harhoff,Mysore,32365.08
342,Ado Digan,Hyderabad,35802.87
343,Brana Kedwell,Pune,10930.34
344,Fax Paynes,Mumbai,47719.73
345,Jaclin di Rocca,Pune,15933.38
346,Jacinda Byford,Chennai,40545.9
347,Kori Romanetti,Hyderabad,46698.26
348,Trudie Sjollema,Pune,16747.8
349,Caitrin Larratt,Chennai,36478.82
350,Mateo Cornborough,Bangalore,45324.51
351,Daffie Cheake,Hyderabad,31650.43
352,Caitlin Northbridge,Chennai,49079.56
353,Thorsten Gyves,Mysore,32115.46
354,Zuzana Dawbery,Chennai,21625.55
355,Bondon Willcock,Mysore,13320.1
356,Dulcea Gatcliff,Mysore,36176.91
357,Stillmann Campana,Chennai,45852.12
358,Riccardo Daoust,Bangalore,42995.83
359,Roselia Fincher,Chennai,31857.52
360,Grete Gregan,Hyderabad,21346.14
361,Edin Stringman,Pune,27331.45
362,Ettore Scanterbury,Hyderabad,42563.49
363,Stefanie Shout,Pune,24468.84
364,Frannie Leaves,Chennai,19791.93
365,Gerrie Leeves,Mumbai,44601.79
366,Licha McGooch,Bangalore,45113.2
367,Berta Sprason,Pune,48606.05
368,Henriette Sellwood,Mumbai,41944.18
369,Donielle Trotton,Bangalore,21644.29
370,Ibbie Kellart,Chennai,20510.24
371,Kassandra Lambrick,Bangalore,39125.96
372,Janetta Manifold,Pune,35257.46
373,Ogden Sharpus,Hyderabad,34970.71
374,Fitz Nutley,Chennai,37546.72
375,Rhetta Mordanti,Bangalore,31635.81
376,Clari Rummer,Chennai,40869.53
377,Sharleen Alu,Chennai,42857.57
378,Langston Orrin,Pune,15101.81
379,Jeri Piatto,Mysore,27303.24
380,Burnard Chaize,Chennai,34262.43
381,Hagan Pratty,Bangalore,27069.13
382,Roberta Dy,Hyderabad,26136.83
383,Durward Woodus,Pune,16215.25
384,Omero Felmingham,Bangalore,28938.98
385,Jeannette MacTrustam,Pune,23973.12
386,Wanda Kempton,Pune,10966.74
387,Grange Licciardo,Hyderabad,15542.28
388,Hewitt Anscombe,Mumbai,48131.33
389,Gottfried Westney,Bangalore,39389.88
390,Belle Scandrett,Mumbai,46037.3
391,Urban Kilfoyle,Mumbai,13005.73
392,Vin Boughtwood,Hyderabad,16726.89
393,Christiana Harle,Chennai,32438.55
394,Archibold Leed,Pune,40901.6
395,Ario Gainfort,Chennai,21276.57
396,Ganny Robertz,Mumbai,23212.73
397,Fae Harpham,Bangalore,15765.89
398,Craig Sokale,Hyderabad,12511.06
399,Tarah Alliott,Pune,12629.36
400,Dagmar Charlwood,Hyderabad,41158.96
401,Darb Skypp,Mysore,31153.5
402,Aldin Evamy,Mumbai,49012.01
403,Sansone Morriarty,Mumbai,30731.78
404,Hartley Painswick,Chennai,17684.4
405,Nathan Ioannidis,Mumbai,20194.03
406,Kincaid Bowry,Chennai,48224.37
407,Hadrian Ruggles,Hyderabad,32496.21
408,Ealasaid Blader,Pune,20075.2
409,Marie-ann Crowne,Pune,44659.76
410,Rikki Gouch,Mumbai,48942.05
411,Billy Tonry,Hyderabad,17778.83
412,Lurleen Brady,Bangalore,34525.27
413,Barbabra Wais,Mumbai,33414.49
414,Steffie Spatig,Pune,41812.49
415,Eldridge Christou,Chennai,12660.24
416,Korrie Cureton,Bangalore,38303.93
417,Laurie Del Dello,Mysore,14416.03
418,Yolanthe Basford,Pune,21065.31
419,Kally Ivanchenkov,Hyderabad,11481.64
420,Elisa Cattrall,Pune,11732.85
421,Ferrel Lamdin,Mumbai,11434.09
422,Tedda Absolom,Pune,19311.75
423,Seamus Clace,Hyderabad,42117.2
424,Karlie MacElharge,Hyderabad,45779.77
425,Erna Noni,Chennai,24972.06
426,Reagen Mustin,Mysore,20870.83
427,Mason Bolletti,Hyderabad,49903.58
428,Maryann McBoyle,Pune,49993.44
429,Jane Smedley,Mumbai,15250.94
430,Gwyneth Dameisele,Chennai,36855.49
431,Sibby Gerssam,Bangalore,20210.08
432,Elvina Morville,Hyderabad,17060.49
433,Gilburt Bailes,Mumbai,19342.47
434,Antonetta Stranks,Mumbai,35097.41
435,Evita Tregoning,Mumbai,23354.33
436,Parry Tonn,Mumbai,44276.82
437,Wanda O'Brollachain,Bangalore,38950.95
438,Elise Boow,Pune,43251.99
439,Archibold Gosdin,Mumbai,10524.46
440,Taddeo Aloshkin,Chennai,32751.19
441,Cassondra Brise,Pune,40420.31
442,Darelle Hedon,Chennai,46328.49
443,Amelita Heed,Bangalore,31796.89
444,Mord Death,Mysore,41723.56
445,Melessa Harriott,Bangalore,43783.91
446,Valerie Coggon,Hyderabad,11062.35
447,Gallard Eaton,Bangalore,45893.44
448,Penny Bentick,Chennai,21162.42
449,Dermot Athow,Hyderabad,20195.66
450,Clemmy Paolicchi,Bangalore,32128.6
451,Aprilette Dy,Bangalore,43969.07
452,Pattin Wadhams,Pune,37424.66
453,Raf Osant,Mysore,41553.92
454,Dela Greeves,Pune,45410.41
455,Claudine Hasty,Chennai,46957.14
456,Annemarie Vanns,Mumbai,41975.34
457,Benni Gutherson,Chennai,35568.41
458,Bendicty Busswell,Mysore,35078.73
459,Trey Dederich,Mysore,16695.12
460,Merill Bryden,Mysore,28707.92
461,Delila Treleven,Chennai,11550.84
462,Seka Cuseick,Chennai,48084.86
463,Lind Da Costa,Pune,15204.15
464,Ilka Tilliard,Hyderabad,42141.01
465,Darelle Spragg,Chennai,31099.01
466,Maribeth Freda,Pune,40538.04
467,Elnore Grewar,Mumbai,26348.99
468,Pier O'Neill,Bangalore,49502.98
469,Ted McCambrois,Mysore,19922.09
470,Esmeralda Haime,Hyderabad,36808.11
471,Theodor Abrami,Chennai,13035.59
472,Jarrad Stanner,Mysore,41697.57
473,Johna Keppie,Chennai,27633.56
474,Pearline Gaunter,Mysore,35737.28
475,Salomone Golthorpp,Chennai,31383.92
476,Fonsie Fincher,Mumbai,34984.87
477,Sigfrid Weir,Bangalore,21759.16
478,Etta Chimes,Mysore,25206.19
479,Nikaniki Proud,Chennai,47794.84
480,Natalina Coathup,Chennai,20761.19
481,Gus Chessum,Mumbai,24993.65
482,Lorne Talkington,Mumbai,48683.31
483,Brita Stegell,Mysore,40896.56
484,Dominga Gwyneth,Bangalore,28022.75
485,Shellie Chesshyre,Chennai,11210.92
486,Duane Causer,Bangalore,25011.47
487,Gayler Tweede,Hyderabad,16444.45
488,Marco Balsom,Bangalore,48214.26
489,Laurianne Wims,Chennai,22570.12
490,Sharlene Guerola,Pune,38456.11
491,Tymothy Harce,Mysore,14972.37
492,Maggi Bowart,Hyderabad,41639.75
493,Ardath Sandifer,Chennai,19200.66
494,Hughie Sturgis,Mysore,32367.12
495,Reid Emilien,Bangalore,48390.36
496,Arlen Abrahams,Chennai,15770.59
497,Rosemaria Van Velde,Mysore,20457.84
498,Siobhan Von Der Empten,Mumbai,19259.21
499,Corenda Vasyagin,Hyderabad,47164.78
500,Gussie Halligan,Mumbai,40668.3
501,Row Postle,Mysore,40939.45
502,Aubine Farmar,Mysore,44228.46
503,Adey Sillitoe,Mysore,34129.96
504,Sibella Jukes,Mumbai,30027.76
505,Finley Pebworth,Bangalore,25460.34
506,Jane Howgego,Mysore,28237.75
507,Reggis Dowall,Hyderabad,20325.96
508,Tudor Colin,Mumbai,15034.83
509,Richardo Torrese,Hyderabad,46390.33
510,Ulrica Van Arsdall,Bangalore,26047.12
511,Timmie Shrimptone,Hyderabad,22512.24
512,Martino FitzGibbon,Mumbai,37686.05
513,Cammi Rearden,Chennai,47641.92
514,Dacy Juniper,Mumbai,38708.21
515,Ebony Bruinemann,Bangalore,28430.63
516,Katine Cornuau,Pune,18759.12
517,Austine Sedgemond,Chennai,18476.3
518,Karney Brooker,Bangalore,39605.88
519,Genevra Sowray,Pune,35107.5
520,Isa Ruppele,Hyderabad,10374.99
521,Demott McCurley,Bangalore,41011.22
522,Daria Trounce,Hyderabad,17042.83
523,Baryram Scotchmer,Mysore,26888.76
524,Berkie Gerring,Mysore,29067.42
525,Aggi Colnett,Hyderabad,40371.35
526,Felike McQuirk,Mumbai,38237.27
527,Cesare Ankrett,Chennai,44200.5
528,Karyl Dobney,Chennai,20135.13
529,Caro Merrikin,Pune,22095.61
530,Reggie Rhoades,Bangalore,28435.55
531,Britni Smyley,Chennai,15175.8
532,Karel Simmon,Mumbai,32568.78
533,Kaitlyn Fishly,Bangalore,22245.16
534,Sheff Millward,Mysore,27942.36
535,Gisela Muggleton,Mysore,45469.58
536,Gaven Pontain,Hyderabad,22671.53
537,Darcy Dutnall,Mumbai,30710.58
538,Alvin Wodham,Pune,14316.85
539,Trudy Rocks,Mumbai,30718.19
540,Rabi Sperski,Mumbai,25479.42
541,Giffard Rollett,Chennai,46769.34
542,Dion Lawday,Mysore,21910.6
543,Mariann Eplate,Mumbai,26186.54
544,Allayne Dansken,Mumbai,48899.71
545,Marianne Stodd,Chennai,39388.11
546,Rita Blackesland,Pune,39863.62
547,Dorie Cubbin,Bangalore,48652.76
548,Indira McCreath,Mumbai,15736.8
549,Archie Erratt,Mumbai,30102.94
550,Nikki Chiverstone,Bangalore,47639.68
551,Cherianne Branscomb,Chennai,36942.72
552,Carina Andrichak,Chennai,46439.61
553,Ally Everil,Mumbai,15668.34
554,Mia Pressland,Bangalore,30484.78
555,Hartley Blewett,Bangalore,23284.52
556,Sol Storre,Hyderabad,41661.14
557,Marylinda Lethardy,Mumbai,34881.84
558,Perceval Flamank,Pune,26192.12
559,Red Troy,Chennai,47864.68
560,Blondie Bletsoe,Mysore,46853.79
561,Rodrique Mealham,Mysore,32661.25
562,Dusty Hartland,Mumbai,34389.75
563,Heida Sampey,Mysore,20444.49
564,Lorine Baumert,Hyderabad,37509.83
565,Darrick Leeburn,Hyderabad,26806.23
566,Agatha Densham,Mumbai,31678.54
567,Finlay Recke,Mysore,24694.77
568,Nani Stuckey,Mumbai,47827.43
569,Raina Emanuelov,Chennai,14379.2
570,Foster Cosely,Pune,28299.74
571,Chryste Hainge,Mysore,48919.32
572,Bibi Batcock,Bangalore,27330.96
573,Rodolfo Kohlert,Bangalore,24409.46
574,Kelcie Masham,Mumbai,26607.89
575,Jammie Sumers,Bangalore,29453.1
576,Martha Cleaver,Chennai,37834.49
577,Vivie Brager,Pune,13658.37
578,Theresa Rickerby,Hyderabad,19737.99
579,Rawley Blythin,Pune,25511.59
580,Ernestus Snepp,Hyderabad,10296.83
581,Horace Bellord,Chennai,32416.41
582,Alasteir Baldam,Mumbai,15003.1
583,Lemuel Shemming,Bangalore,48845.23
584,Vic Bleckly,Hyderabad,28820.83
585,Thoma MacPhaden,Mumbai,44135.47
586,Ari Lindenblatt,Mysore,38513.27
587,Mellisa O'Devey,Mysore,21727.84
588,Jacquelin Danielovitch,Mysore,21324.22
589,Ameline Brimham,Pune,43069.4
590,Lyn Seymark,Bangalore,34678.05
591,Lillis Fairs,Chennai,28491.33
592,Chere Bowkley,Mumbai,43670.49
593,Derrick Zorro,Mumbai,25250.9
594,Sidney Luckcock,Pune,30354.91
595,Alick Lashford,Mysore,27188.79
596,Amaleta Pinkerton,Bangalore,23418.53
597,Carilyn Yurmanovev,Mumbai,20678.08
598,Britte Pardue,Hyderabad,48435.42
599,Joleen Scally,Hyderabad,20292.23
600,Dar Swalowe,Chennai,47961.3
601,Perrine Cowburn,Chennai,38130.37
602,Ruthe Mundall,Chennai,26835.51
603,Michaela Bembridge,Chennai,43599.03
604,Gilli Willimot,Chennai,36196.79
605,Lelia Hulke,Chennai,23914.05
606,Davidde Gooding,Mysore,11590.71
607,Marley Broggini,Mumbai,44927.21
608,Penelopa Mc Corley,Hyderabad,24658.05
609,Marje Cherryman,Mumbai,41645.48
610,Sylas Sprull,Chennai,36674.96
611,Wait Sayton,Chennai,35651.06
612,Lauritz Davis,Mumbai,26311.06
613,Ephrayim Ommanney,Bangalore,46226.92
614,Antonietta Zorzin,Chennai,46877.01
615,Orville Sandwith,Pune,32353.28
616,Nick Woof,Pune,13414.74
617,Noelani Cumbridge,Chennai,27608.02
618,Casper Coleman,Chennai,25629.21
619,Pip Duffit,Mysore,34849.94
620,Farleigh Jagiello,Hyderabad,14268.67
621,Bendick Dummett,Mumbai,36652.82
622,Benedict Allingham,Hyderabad,12893.24
623,Ulises Dalrymple,Bangalore,24417.66
624,Mord Husthwaite,Chennai,12269.69
625,Bobbie Seiller,Bangalore,34091.02
626,Erroll Colmore,Bangalore,26088.13
627,Pierce Bacon,Mumbai,12573.35
628,Ardenia Ziemecki,Pune,39615.02
629,Barbie Amyes,Mysore,27642.81
630,Sonny Runnacles,Hyderabad,38140.29
631,Erin MacRirie,Chennai,33270.26
632,Jasmine Laing,Chennai,37681.65
633,Dawna Wick,Hyderabad,17214.02
634,Crichton Gavaghan,Mysore,13980.24
635,Saree Newiss,Pune,37019.39
636,Efrem Kelmere,Mumbai,32278.51
637,Marylin Esposita,Mysore,38026.05
638,Rachele Kelcey,Mysore,11855.23
639,Ogdon Girardot,Bangalore,32920.57
640,Olav McKleod,Hyderabad,47324.29
641,Loretta Blees,Chennai,21656.36
642,Alwyn Phillcox,Hyderabad,27506.88
643,Keen Farres,Chennai,10276.93
644,Holt Castells,Chennai,35036.27
645,Renie Hazeley,Mumbai,14058.41
646,Chiquita Clevely,Mysore,21124.78
647,Reeva Mushawe,Pune,28908.24
648,Carissa Wrigley,Mumbai,32704.46
649,Justinn Josey,Mysore,15622.39
650,Elizabet Pattie,Bangalore,15719.45
651,Orton Mickleburgh,Pune,46660.67
652,Robb Stabbins,Mumbai,40701.98
653,Sophie Snarr,Bangalore,31411.51
654,Em Baudoux,Hyderabad,28377.75
655,Byrann Brandel,Mysore,20745.32
656,Katrina Probyn,Chennai,40839.08
657,Vonnie Watling,Bangalore,39201.99
658,Emmi Bauchop,Mysore,46931.22
659,Agosto Edgeley,Chennai,22995.88
660,Izak Caulcott,Chennai,23793.99
661,Reginauld Goligly,Mumbai,42365.08
662,Ainslee Roycroft,Mumbai,47471.04
663,Kassi Godly,Bangalore,15347.35
664,Kirstin Petzold,Mumbai,34207.93
665,Vail Gillibrand,Mumbai,48631.13
666,Ginger Elfleet,Mysore,44366.23
667,Jean Teasdale-Markie,Mysore,11302.83
668,Shayla Gamage,Pune,24132.07
669,Roberto Le Brum,Mumbai,14818.08
670,Conrad Jeannin,Mumbai,26385.67
671,Phil Patrickson,Pune,16510.27
672,Markus Loeber,Hyderabad,21950.53
673,Justina Carleton,Mysore,18007.08
674,Clair Meldrum,Mysore,24515.48
675,Eberto Chastagnier,Mysore,32409.05
676,Ludwig Casacchia,Pune,17096.76
677,Orazio Enston,Chennai,48105.93
678,Jany Sprey,Bangalore,37930.81
679,Corinne McGivena,Pune,35225.65
680,Perceval Tiddeman,Mysore,26290.54
681,Trudi Gittus,Mumbai,15412.49
682,Clemmie Downing,Chennai,39498.77
683,Sharron Crowther,Chennai,14641.21
684,Winne Le Hucquet,Bangalore,17633.2
685,Wallie Kleynermans,Mumbai,36171.89
686,Alisha Layus,Bangalore,34758.4
687,Lian Aguirrezabal,Hyderabad,17083.13
688,Tiffany Satford,Bangalore,42734.14
689,Nikki Farnhill,Hyderabad,25648.12
690,Kinnie Pauly,Bangalore,24624.28
691,Zorana Cuphus,Bangalore,25978.94
692,Daria Daggett,Mumbai,16137.93
693,Dorisa Arndt,Hyderabad,37886.24
694,Erin Swatheridge,Bangalore,30078.82
695,Jdavie Cross,Chennai,13432.03
696,Odie Crosser,Pune,33321.28
697,Putnem Atkyns,Mumbai,40263.59
698,Silvio Lockney,Mysore,16833.89
699,Elisabet Everleigh,Mumbai,33139.9
700,Ruthe McLeary,Chennai,44604.29
701,Whit Crate,Mumbai,31785.35
702,Leyla Cella,Mysore,24814.37
703,Daniel Relf,Chennai,42367.51
704,Chuck Conquest,Chennai,46776.65
705,Denyse Impy,Mysore,38720.91
706,Birgitta Connock,Mumbai,36702.03
707,Karalynn Stang-Gjertsen,Hyderabad,36619.31
708,Hildegaard Happer,Hyderabad,17587.47
709,Cindelyn Lockwood,Hyderabad,42258.98
710,Adriana Lowmass,Hyderabad,41436.43
711,Sibbie Ramsier,Chennai,44720.58
712,Mischa Dredge,Bangalore,46642.5
713,Ethelbert Dikelin,Hyderabad,44224.05
714,Henriette Tineman,Hyderabad,36027.24
715,Fons Georgeson,Pune,17343.66
716,Issiah Simeon,Mumbai,33334.74
717,Shelia Mowat,Pune,37291.66
718,Frants Etheridge,Chennai,34702.05
719,Lezley Gilbey,Bangalore,47858.41
720,Caritta Lissimore,Hyderabad,48812.15
721,Else Fairbrother,Mumbai,19409.4
722,Leora Mc Gaughey,Chennai,13835.1
723,Remy Tomkies,Bangalore,14330.83
724,Sky Merrick,Chennai,18521.39
725,Clarita Ephgrave,Pune,27408.01
726,Cinnamon Silman,Pune,16047.69
727,Stormi Bosson,Mysore,16020.27
728,Winnie Kamall,Mysore,30340.8
729,Cinnamon Yacob,Hyderabad,43645.02
730,Padriac Ivanonko,Mysore,20276.44
731,Verne Firman,Chennai,13884.82
732,Roxy Belfield,Chennai,28466.5
733,Annamaria Fellnee,Pune,41856.61
734,Abbe Crumby,Chennai,40159.54
735,Arlan Wase,Chennai,14930.53
736,Erich Medcraft,Mysore,15272.51
737,Sarita Quirk,Chennai,45375.67
738,Alyce Life,Pune,46343.28
739,Tremayne Choules,Pune,19999.14
740,Jakie Brunicke,Chennai,30597.27
741,Kellina Diwell,Mysore,19334.62
742,Phil Ivanaev,Chennai,41070.27
743,Rosalia Rowlands,Bangalore,40764.65
744,Neron Farnell,Pune,49993.98
745,Emylee Burnep,Bangalore,45235.7
746,Marco Blanshard,Chennai,19515.52
747,Cheri Spinney,Mumbai,28971.59
748,Brody Fealey,Hyderabad,33118.72
749,Phylys Tomich,Pune,47068.06
750,Tamas O'Grada,Mysore,14328.25
751,Bessy Unger,Pune,11091.4
752,Terence Cromley,Pune,22993.59
753,Karla Bandey,Pune,40780.08
754,Wenona Woloschinski,Mumbai,15189.37
755,Cherianne Merrydew,Chennai,34077.1
756,Kimberlyn Buche,Chennai,22143.59
757,Kenton Dobbison,Pune,33718.01
758,Sebastiano Orgill,Hyderabad,13806.19
759,Anatola Seine,Mumbai,23290.49
760,Mada Harmer,Pune,10270.29
761,Gates Dyche,Bangalore,18043.55
762,Gillan Rudham,Hyderabad,29888.22
763,Gram Darlison,Hyderabad,17127.54
764,Sophronia Holhouse,Pune,18152.65
765,Enrica Gambles,Mysore,42988.21
766,Celia Chiles,Hyderabad,20987.12
767,Debra Romagnosi,Mumbai,19545.72
768,Kelcey Gaythorpe,Hyderabad,19739.13
769,Alessandro Clarkin,Hyderabad,22763.07
770,Elbertine Harmour,Mumbai,15210.45
771,Abraham Girault,Hyderabad,32227.44
772,Sosanna Astill,Mumbai,37681.38
773,Griselda Ridges,Pune,24764.81
774,Cale Twycross,Mumbai,40116
775,Laurie Zanini,Bangalore,35072.88
776,Theo Peplow,Chennai,22759.54
777,Sal Hayth,Pune,32852.73
778,Melisa Shankland,Chennai,45681.15
779,Heidie Brownsey,Pune,16423.86
780,Joyan Camplejohn,Pune,46550.14
781,Andrew Larret,Pune,32013.7
782,Guendolen Braime,Mumbai,19334.39
783,Dana Boshard,Mysore,38364.05
784,Lula Saby,Pune,22564.75
785,Junette Brixey,Chennai,22086.08
786,Rochester Yeowell,Mumbai,35234.42
787,Pancho Nisbith,Mysore,19327.66
788,Sena Leworthy,Hyderabad,46619.4
789,Elyn Loweth,Mysore,32710.18
790,Liza Cosham,Mysore,10562.31
791,Calida Kerwen,Mysore,49841.17
792,Glenna De Vaux,Pune,49636.56
793,Bastian Boots,Mumbai,47545.17
794,Mirella Neubigging,Mumbai,11215.67
795,Roanna Dreghorn,Mysore,11949.9
796,Tersina Newvill,Hyderabad,37546.57
797,April Whelpton,Mumbai,23604.78
798,Lorine Gilardone,Bangalore,44443.09
799,Thomasine Pohls,Mysore,25731.09
800,Dru Bahde,Mysore,37324.71
801,Nicole Callum,Chennai,39434.94
802,Roosevelt Beaney,Chennai,46034.73
803,Madelin Enderson,Pune,44120.01
804,Benedetto Brouwer,Mumbai,49942.16
805,Roarke McComish,Mumbai,24649.87
806,Siward Ruddock,Pune,32166.73
807,Margaretta Heersma,Hyderabad,26289.78
808,Aida Pepper,Hyderabad,48463.22
809,Saraann Dongall,Hyderabad,49269.73
810,Bonnie Farron,Bangalore,25110.44
811,Mathias Danielut,Pune,47010.51
812,Sydel Baylie,Pune,19112.85
813,Bab McAirt,Mumbai,44420.74
814,Darwin Jakubowicz,Pune,41636.45
815,Buddie Stapleton,Hyderabad,37217.18
816,Julianna Faithfull,Pune,30782.15
817,Ravid Ferre,Chennai,19381.18
818,Torin Muggleton,Hyderabad,23681.89
819,Caty Bilbey,Hyderabad,46228.67
820,Aaren Feldman,Mumbai,45381.78
821,Dannye Cattenach,Mumbai,19144.56
822,Didi Kalvin,Hyderabad,38569.31
823,Traver Scrimshaw,Mumbai,15157.93
824,Josey Yurkiewicz,Pune,24228.67
825,Madeline Strippling,Chennai,24209.52
826,Abdul Mulvy,Mysore,30525.63
827,Ansley Croux,Chennai,38657.98
828,Junina Vasilov,Pune,27717.88
829,Danice Sharp,Chennai,16543.02
830,Penny Bullocke,Bangalore,13626.32
831,Adaline Maudling,Bangalore,26954.72
832,Cyrill Roblett,Pune,46870.66
833,Elbert Gayter,Pune,39336.81
834,Guthry Meritt,Chennai,37974.11
835,Denna Montfort,Mysore,49188.24
836,William Ellit,Mysore,29820.46
837,Van Dmitrovic,Mysore,49358.29
838,Ardys Dolan,Hyderabad,47153.87
839,Rosanna Downie,Chennai,32817.27
840,Patrizio Tichner,Mumbai,23691.74
841,Aveline Baldack,Bangalore,35496.71
842,Gradeigh Papps,Hyderabad,10174.67
843,Lenore Conerding,Bangalore,24997.21
844,Derek Hukin,Hyderabad,10518.33
845,Cloris Ketcher,Hyderabad,24467.12
846,Pietro Mallabone,Chennai,11143.62
847,Brande Kleisle,Hyderabad,31833.92
848,Caroljean Harper,Mumbai,10746.6
849,Alexine Fortun,Hyderabad,39101.07
850,Ellery Bruinsma,Pune,42901.5
851,Sharlene Dahlback,Bangalore,39562.28
852,Nickolas Cory,Mumbai,32841.27
853,Minne Andreichik,Mysore,25362.08
854,Katti Egiloff,Hyderabad,12620.56
855,Natty Overy,Chennai,30423.93
856,Dorey Wanless,Pune,42573.58
857,Libby De la Yglesia,Hyderabad,28457.3
858,Melissa Creegan,Chennai,14211.61
859,Ethel Burkinshaw,Mysore,30264.45
860,Rex Yurygyn,Mumbai,29294.68
861,Orlan Carlet,Mumbai,27082.02
862,Free Brugsma,Pune,45978.63
863,Avis Forsythe,Mysore,10557.17
864,Othella Bittlestone,Chennai,37100.8
865,Kennith Lammerding,Bangalore,17628.22
866,Hebert Belle,Mysore,29662.06
867,Louisa Leaney,Hyderabad,33361.65
868,Cristiano Wilford,Bangalore,33623.41
869,Mavra Ramsey,Bangalore,22200.83
870,Antonia Gerge,Hyderabad,17992.49
871,Florrie Pratt,Hyderabad,10444.83
872,Curt Gillie,Chennai,13918.02
873,Ambrosio Squelch,Pune,23416.95
874,Saidee Beatens,Mumbai,39870.83
875,Shanna Leibold,Chennai,48425.51
876,Tedie Gittins,Hyderabad,30901.2
877,Renaud Parkhouse,Mumbai,23827.27
878,Alfonso Cominello,Bangalore,40877.37
879,Kara-lynn Montgomery,Hyderabad,13596.87
880,Noami Petras,Mysore,27900.72
881,Magdalen Straughan,Mumbai,22701.04
882,Emmalyn Benoy,Bangalore,16732.96
883,Nisse Josselson,Chennai,12176.29
884,Filmore Benini,Mumbai,43957.74
885,Bald Meade,Mumbai,22930.49
886,Valerye Dewing,Chennai,15985.49
887,Torrey Macrae,Pune,40678.96
888,Elissa Dobney,Mumbai,17580
889,Antonie Scargill,Chennai,31473.91
890,Kary Lathee,Mumbai,20443.29
891,Dilan Lyne,Bangalore,44132.98
892,Drugi Wellard,Pune,43243.62
893,Astrid Streetley,Hyderabad,14958.2
894,Ailene Fayer,Hyderabad,26214.23
895,Lottie Carloni,Chennai,31188.49
896,Orton Challener,Bangalore,45029.26
897,Tina D'Cruze,Mysore,43038.14
898,Gweneth Ainsby,Chennai,27664.63
899,Ike Ruggiero,Mumbai,48586.58
900,Walliw Tilberry,Bangalore,26324.3
901,Viv Bulteel,Pune,44358.6
902,Josepha Bonham,Bangalore,47550.25
903,Gregorius Clousley,Chennai,37250.2
904,Bidget Badland,Mumbai,26574.41
905,Felipe Teaser,Bangalore,29146.18
906,Nathanil Courteney,Mysore,41066.24
907,Ladonna Blackley,Chennai,31399.32
908,Austin Accum,Chennai,36274.76
909,Lauren Coddrington,Mumbai,27335.3
910,Wayne Fennick,Chennai,23613.07
911,Camel Cases,Chennai,45134.27
912,Belva McIntosh,Chennai,32799.03
913,Nobie Larive,Bangalore,43305.54
914,Nathalie Haskew,Bangalore,25628.71
915,Dale Aleksich,Chennai,26334.01
916,Kienan Horsefield,Mysore,38181.39
917,Charlena Burmaster,Pune,49894.78
918,Ernie Di Angelo,Pune,32535.12
919,Linette Lofthouse,Chennai,47414.16
920,Dermot Knoles,Chennai,37382.36
921,Thatcher Donohue,Mysore,44623.38
922,Daryle Wilbore,Mumbai,35781
923,Audrey Schwandner,Bangalore,42953.54
924,Garrek Clissold,Pune,25722.93
925,George Barth,Bangalore,32269.6
926,Elsbeth Wilkisson,Bangalore,41289.6
927,Eddy Proffer,Pune,13802.33
928,Archibald Peskin,Pune,19209.83
929,Vincenz Agron,Mumbai,24956.16
930,Ermina Addicote,Mysore,26829.35
931,Valaria Esby,Mumbai,11046.83
932,Tad Morfey,Bangalore,23704.3
933,Anni Wimmers,Mysore,14788.39
934,Magdalen Ferronier,Mysore,16922.19
935,Margareta Hatz,Mumbai,36376.78
936,Gaston Colyer,Mumbai,13654.76
937,Shepherd Hegges,Hyderabad,42265.02
938,Windy Wilkenson,Pune,40409.66
939,Violette Chaters,Chennai,32918.46
940,Hi Dorr,Mysore,13927.01
941,Gael Janaway,Pune,27236.73
942,Theodora Bellanger,Pune,35303.03
943,Slade McCreery,Bangalore,23835.07
944,Cassius Reims,Chennai,11398.82
945,Chrissie Mendonca,Hyderabad,37207.53
946,Antonietta Gotthard.sf,Mysore,15556.97
947,Kendra Bollins,Mysore,41117.13
948,Amelie Daburn,Mumbai,18055.75
949,Yolane Darnbrough,Chennai,15156.81
950,Morris Dadd,Chennai,36109.22
951,Alford Tapley,Mumbai,23537.34
952,Sky Inglesant,Hyderabad,16140.96
953,Dewain Simonetti,Hyderabad,15207.04
954,Shaylah Gerrard,Chennai,26824.25
955,Pearline Sabin,Pune,42916.34
956,Thomasine Ceschi,Bangalore,32151.79
957,Myrilla Nornable,Chennai,26719.43
958,Patric Abbatucci,Hyderabad,15732.53
959,Mendie Ireland,Chennai,41164.7
960,Genvieve Mayhew,Mysore,48336.48
961,Maitilde Virgo,Mumbai,32412.93
962,Jamaal Beaver,Mysore,13217.17
963,Arly Kingsman,Hyderabad,42882.98
964,Nye Sodo,Mysore,34144.64
965,Margo Joselin,Mysore,21189.68
966,Burton Took,Bangalore,18662.57
967,Jessamyn Weir,Bangalore,33151.43
968,Veronique Winkworth,Hyderabad,37861.05
969,Reece Tother,Mumbai,14523.51
970,Aldon Bentje,Mumbai,46791.92
971,Vaclav Gwatkins,Mumbai,45228.19
972,Mendel Gue,Pune,42071.48
973,Gard Gaskall,Mysore,11872.65
974,Marga Penelli,Bangalore,43740.9
975,Lynnell Celier,Mysore,20453.92
976,Wait La Grange,Mysore,40559.66
977,Baillie Kearns,Hyderabad,22586.8
978,Gae Moizer,Bangalore,45164.43
979,Devondra Climar,Mumbai,41773.98
980,Annadiane Comusso,Mysore,34037.72
981,Constantia Hancox,Mysore,43763.96
982,Major Bradlaugh,Bangalore,18060.93
983,Minor Ludmann,Mumbai,24846.33
984,Caz Ashwell,Mumbai,16419.28
985,Luce Cyphus,Hyderabad,41787.46
986,Grant Kaufman,Chennai,30068.82
987,Anabal Yve,Pune,22628.43
988,Shirlee Salatino,Chennai,34068.45
989,Hyacinth Flade,Pune,20119.56
990,Glenn Waddilow,Bangalore,14582.61
991,Janith Breslauer,Chennai,20962.69
992,Romain Filippov,Pune,10880.19
993,Kipp Hutson,Chennai,35526.65
994,Rickert Cankett,Mumbai,44082.59
995,Miguelita Stannering,Bangalore,21092.46
996,Mar Matthew,Mumbai,43258.68
997,Jaynell Schrieves,Chennai,30999.37
998,Sheree Marmon,Chennai,41083.72
999,Delmore Reimers,Bangalore,28338.42
1000,Tove Jeffcoate,Bangalore,47455.74
